-- phpMyAdmin SQL Dump
-- version 4.0.10
-- http://www.phpmyadmin.net
--
-- Хост: 127.0.0.1:3306
-- Время создания: Сен 17 2015 г., 12:04
-- Версия сервера: 5.5.35-log
-- Версия PHP: 5.3.27

SET SQL_MODE = "NO_AUTO_VALUE_ON_ZERO";
SET time_zone = "+00:00";


/*!40101 SET @OLD_CHARACTER_SET_CLIENT=@@CHARACTER_SET_CLIENT */;
/*!40101 SET @OLD_CHARACTER_SET_RESULTS=@@CHARACTER_SET_RESULTS */;
/*!40101 SET @OLD_COLLATION_CONNECTION=@@COLLATION_CONNECTION */;
/*!40101 SET NAMES utf8 */;

--
-- База данных: `toppsy`
--

-- --------------------------------------------------------

--
-- Структура таблицы `articles`
--

CREATE TABLE IF NOT EXISTS `articles` (
  `id` int(6) NOT NULL AUTO_INCREMENT,
  `create` int(10) NOT NULL,
  `user_id` int(6) NOT NULL,
  `title` varchar(512) NOT NULL,
  `img` varchar(50) NOT NULL,
  `category_id` int(3) NOT NULL,
  `status` int(1) NOT NULL,
  `text` text NOT NULL,
  `hits` int(7) NOT NULL,
  `front_page` int(1) NOT NULL DEFAULT '0',
  PRIMARY KEY (`id`)
) ENGINE=InnoDB  DEFAULT CHARSET=utf8 AUTO_INCREMENT=7 ;

--
-- Дамп данных таблицы `articles`
--

INSERT INTO `articles` (`id`, `create`, `user_id`, `title`, `img`, `category_id`, `status`, `text`, `hits`, `front_page`) VALUES
(1, 1434369500, 4, 'Что такое PSYLINE (ПСИЛАЙН)?', '', 1, 1, '<p>Непосредственная работа с людьми, направленная на решение различного рода психологических проблем, связанных с трудностями в межличностных отношениях, где основным средством воздействия является определенным образом организованная беседа.</p> <p>Cуть психологического консультирования состоит в том, что психолог, пользуясь специальными профессиональными научными знаниями, создает условия для другого человека, в которых он переживает свои новые возможности в решении его психологических задач.</p> <p>Психологическое консультирование как вид психологической помощи адресовано психически нормальным людям для достижения ими целей личностного развития.</p>', 58, 1),
(2, 1434975500, 10, 'Положение о статусе псилайнера', '', 1, 1, '<p>Критерии и процедуры сертификации индивидуальных членов</p>\r\n\r\n<p>1.1. В ЕКПП действуют следующие формы сертификатов для индивидуальных членов организации: «С» (сертификат специалиста); «СВ» (сертификат супервизора);\r\n«ТА» (сертификат тренингового аналитика).</p>\r\n\r\n<p>1.2. ЕКПП устанавливает критерии минимальной квалификации, необходимой для сертификации.</p>\r\n\r\n<p>1.2.1. Критерии для «С»:</p>\r\n\r\n<p>Для получения сертификата специалиста ЕКПП кандидат должен пройти специальную подготовку и профессиональный тренинг общей продолжительностью не менее 3.200 часов.\r\n\r\nВ эту подготовку специалиста входит: общее образование, как минимум, три года обучения в университете (как минимум, степень бакалавра) или эквивалентное ему образование, как правило, в области гуманитарных наук.</p>\r\n\r\n<p>Также в подготовку специалиста входит профессиональный тренинг в области психоаналитических психотерапий общей продолжительностью, как минимум, 1400 часов, распределенных на период, как минимум, 4 года.\r\n\r\n<p>Этот психоаналитический тренинг позволяет кандидату понимать бессознательную динамику клиента, получать необходимые навыки интервенции и интегрировать теорию и практику в своем тренинговом анализе.</p>\r\n\r\n<p>Профессиональный психоаналитический тренинг состоит из:</p>\r\n<ul>\r\n<li>- теоретической подготовки;</li>\r\n<li>- тренингового анализа;</li>\r\n<li>- практики и супервизий;</li>\r\n<li>- работе в сеттинге психического здравоохранения.</li>\r\n</ul>', 39, 0),
(3, 1435077869, 10, 'Личностно-ориентированная психотерапия через призму системного подхода', '', 2, 1, '<p>«Главная роскошь в жизни - это быть самим собой»</p><p></p><p><b>Личностно-ориентированная психотерапия </b>– это вид психологической помощи, где не выпишут таблеток и не станут говорить, как вам жить и что делать. Это еженедельные часовые встречи в долговременном формате (от нескольких недель до нескольких лет), где можно и нужно неспешно говорить о своей жизни, обо всем, что происходит с вами. Это возможность на час в неделю остановиться и заняться своим внутренним миром. Это возможность исследовать то, как устроена ваша жизнь, и то, каковы причины проблем и трудностей в ней. Сделать быстро это невозможно, потому что человеческая психика и внутренний мир устроены посложнее, чем что бы то ни было. И для совершения этой работы нужен психолог - профессиональный собеседник, который не даст вам обмануть самих себя. Который сам совершил подобную работу и знает, как отделить то, что можно изменить, от того, что требует принятия. А наградой за потраченное время и силы будут хорошее знание себя, чувство устойчивости, лучшая ориентация в этом сложном мире.</p>', 237, 0),
(4, 1435067869, 4, 'Почему аутизм более распространен среди мужчин', '09082015-1.jpg', 3, 1, '<p>На ежегодной конференции Британского психологического общества  директор Центра изучения аутизма Кембриджского университета Саймон Барон-Коэн сделал доклад об исследованиях в области аутизма, позволяющих приблизиться к ответу на вопрос, почему это расстройство чаще встречается у мужчин, чем у женщин.</p>\n<p>В своем докладе Барон-Коэн выделил несколько групп таких исследований. Работы в области психологии и нейронаук позволяют описать особенности поведения и работы мозга человека с аутизмом. Исследования особенностей гормональной регуляции и генетики позволяют сделать предположения о том, как аутизм может быть связан с полом человека.\n</p>', 143, 0),
(5, 1439912651, 10, 'Эволюция и нарциссизм. Метапсихологические тезисы.', '', 5, 1, '<p ><b>Психика как продукт эволюции</b>.</p><p ></p><p >Для понимания сути того, что будет сказано далее,&nbsp; нам не обойтись без небольшого экскурса в современную космологию.</p><p >По современным космологическим данным, наблюдаемая нами сейчас Вселенная возникла 13,7 млрд. лет назад в результате разрушения некоторого начального в высшей степени упорядоченного или другими словами «суперсимметричного» состояния. Разрушение этой первичной гармонии, или в физической терминологии – изотропности, привело к событию известному всем нам как Большой Взрыв. Невероятно компактная, но, в то же время обладающая колоссальной энергией структура, вдруг утратила абсолютную стабильность и изверглась в пустоту. Произошло первичное расширение Вселенной. &nbsp;В результате расширения и последующего охлаждения во Вселенной произошли фазовые переходы, аналогичные конденсации жидкости из газа, но применительно к элементарным частицам. Так началась Эволюция Вселенной.</p><p >В самом общем виде, эволюция – процесс связывания диффузной, рассеяной энергии в устойчивые единицы, интеграция этих единиц - создание систем и их усложнение, причем процесс этот, строго односторонний, от простого к сложному, от несвязанной энергии к связанной, от хаотической безструктурности к интегрированной и дифференцированной структурности.</p><p >Т.о. важнейшие тенденции эволюции это&nbsp;<b>самоорганизация</b>&nbsp;и необратимое<b>усложнение</b>.&nbsp;<br>Следует обратить особое внимание, что процессы самоорганизации имеют прямое отношение к процессам нарушения симметрии. Все развитие Вселенной, от ее рождения до современного состояния, есть последовательность нарушений симметрий, ведущая к появлению все большего многообразия природных структур из первоначальной единой целостной высокосимметричной структуры первоматерии.</p><p >Сказанное можно и нужно распространить и на возникновение жизни, психики, организмов и их популяций, языков, культур, искусств, религий и т.д.</p><p >Всякий раз, когда нарушалась симметрия (спонтанно или неспонтанно), появлялось нечто новое. Можно сказать, что все существующее сейчас есть результат нарушения симметрии. Продолжая эту мысль далее, мы сможем сказать, что реакция на событие есть способ аннулировать событие в той мере, в какой это допускает необратимость события.</p><p ><b>Эволюция, рассмотренная с этой точки, есть способ аннулировать асимметрию, вернуть Вселенной начальный симметричный (гармоничный) вид.</b></p><p >Логично предположить, что психика, являясь важнейшей специфической подсистемой высокоорганизованной материи, детерминированной той же эволюционной целью, которая присуща материи вообще.&nbsp;</p><p >Как тело человека, так и его психика подчинены всеобщим законам эволюции. Все те тенденции и механизмы, которые определяют эволюцию материи, определяют и эволюцию психических систем и не могут рассматриваться в отрыве одна от другой. Задача устранения энтропии (неопределенности и неупорядоченности) и восстановление симметрии, описанные нами ранее, имеют свои психические репрезентации, составляя собой базовую психологическую диспозицию всякого психического акта и от того могут быть названы&nbsp;<b><i>метапсихологическими</i></b>.</p><p ><br>Теперь, после этого физико-космолгического экскурса, вернемся непосредственно к теме психологии нарциссизма.</p><p >Осмелюсь утверждать, что все психические процессы протекают в континууме вектора между двумя точками отсчета, одна из которых эквивалентна состоянию первичного гомеостаза (изотропности и симметрии), а другая репрезентирует полную утрату этого состояния, что соответствует состояниям Вселенной до и после Большго Взрыва. И здесь очень важным представляется тот факт, что этот вектор детерминирует психическую активность в направлении обратном той последовательности событий, которое имело место в реальности.&nbsp;</p><p >Психика не приемлет хаотического и дезинтегрированного состояния – состояния новорожденной Вселенной, с одной стороны, и всячески стремиться к обратному гомеостатическому, интегрированному, симметричному своему статусу, т.е. к тому положению вещей, которое предшествовало известному нам миру.</p><p >Оба эти полюса психической реальности имеют свои психологические корреляты, составляя фундамент того, что принято называть системой ценностей и системой целепологания.&nbsp; Нет такой сферы психической жизни, где не существовала бы некая пара фантазий или иллюстраций этой дихотомии. В самом ярком своём проявлении это, пожалуй, фантазия о Рае и Аде.</p><p >На уровне аффектов один из полюсов этого вектора переживается как ужас и может символизироваться понятиями Разрушения, Поглощения, Хаоса, Небытия, Ада, и т. д.</p><p >Полюс же психического притяжения, находящийся на другой стороне этого вектора, &nbsp;это переживания и фантазии о глобальной и гармоничной сопричастности. Здесь вспоминается то, что в психоанализе известно как океаническое чувство (ощущение вечности, безграничности, неразрывной связи с миром, принадлежности к Вселенной).</p><p >Что же такое нарциссизм, если посмотреть на это явление через призму вышесказанного? Ответ очевиден. Представление о себе как о лучшем существе во Вселенной, безапелляционная готовность и нужда порождать вокруг себя некое «правильное» мироустройство,&nbsp; пожалуй, наиболее очевидное самоотношение, в котором раскрывается цель эволюции. Ведь человек приходит в мир для того, что бы восстановить в нем гармонию. Таково ядро Самости.</p><p >Ядро самости – это идентифицирующая гипотеза (фантазия) о себе как об организующем начале Вселенной. Человек приходит в мир с предопределенной эволюцией миссией сделать мир гармоничным. Он эволюционно-детерменировано переживает себя тем фундаментальным начальным элементом, который сумеет инициировать процесс глобальной интеграции Вселенной в стабильную, целостную и непротиворечивую систему. Такое состояние психики в психоанализе традиционно определяют как первичный нарциссизм.&nbsp;</p><p >&nbsp;Младенец неотделим от этой фантазии, и от того, любое психическое или физиологическое состояние, дестабилизирующее его внутренний мир так болезненно переживается им. Жизнь любого из нас начинается с колоссальной боли утраты и разочарования, с беспрестанного унижения его (младенца) благородной миссии, непреодолимого скатывания в хаос и почти тотального ужаса. Младенчество – это период утраты самой значимой в жизни каждого человека, целепологающей иллюзии о гармонии, в центре которой и причиной которой является он сам.</p><p >Первые месяцы жизни это тот откат назад в Хаос, который будет стараться компенсировать вся последующая жизнь индивида. Такова самая суть всякого движения вперед. А равно и наоборот: всякое движение вперед попытка вернуться к Бытию в центре всеобъемлющей гармонии, т.е. назад. Вспомним здесь неумирающий миф об утраченном райском саде.</p><p >По мере развития Эго – психической конструкции, главнейшая функция которой состоит в адаптации психического субъекта к реальности, рано или поздно индивид натыкается на очевидное свое невсемогущество и неидельность. Базовая идентичность подвергается жесткой обструкции со стороны реальности, что порождает процесс её делегирования другим объектам в норме или инкапсуляции внутри Эго (патологический нарциссизм) в неблагоприятных случаях.</p><p >Но будучи не в силах вовсе отказаться от продиктованной эволюцией необходимостью таковым быть (всемогущим и идеальным) ему приходиться идти на компромисс и проецировать, делегировать&nbsp; вышеупомянутые характеристики идеальности другим объектам. Ребенок переживает своих родителей как идеальных, потому что он не может переживать таковым себя и потому что он не может жить в мире, где нет идеального и всемогущественного объекта, т.е. мира, где нет его самого. Потребность идеализировать одна из важнейших потребностей человека. А равно и потребность удостоверяться, что идеализируемый объект действительно идеальный.</p><p >Но, к сожалению, материальный мир не идеален и рано или поздно появляется необходимость в поиске неразрушимого объекта. И такими объектами становятся фигуры нематериальные, абстрактные. Не в этом ли разгадка такого явления, как религия</p><p >Вопрос качества отношений с этими объектами равен вопросу удовлетворенностью жизнью, благополучию и счастью. Идеализируемый объект должен отдавать нам нашу же идеальность посредствам позитивной обратной связи (похвалы, симпатии, восхищения и т.д.).</p>', 12, 0),
(6, 1439914096, 10, 'Энергетика психики.', '', 5, 1, '<p >Психоаналитическое учение выделяет три базовых размерности, плоскости, в которых дидактически располагает все важнейшие характеристики психики: топическая плоскость (всем известное деление психического аппарата на бессознательное, предсознательное и сознательное), структурная плоскость (не менее известное разделение психики на Ид (Оно), Эго (Я) и Супер-эго (Сверх-Я)) и энергетическую.</p><p >Если с первыми двумя современные психоаналитики, да и психотерапевты вообще, свыклись и понимают, то энергетический аспект, в чисто фрейдовском понимании, у многих вызывает существенные и обоснованные сомнения.</p><p >Фрейдовские энергетические представления о психике основываются на концепции &nbsp;о наличии двух базовых влечений –&nbsp;<b>влечения к жизни</b>&nbsp;(<b><i>Эроса</i></b>) и&nbsp;<b>влечения к смерти</b>(<b><i>Танатоса</i></b>). Т.е. энергетика психике имеет дихотомическую, двуполярную природу и, соответственно, характеризуется необходимостью поддерживать энергетический паритет двух этих сил, избегая опасных дисбалансов в доминировании одной над другой.</p><p >Стоит отметить, что изначально энергетическая составляющая психики в работах отца-основателя психоанализа сводилась к одному единственному влечению – Эросу, которое обладает энергией, называемой&nbsp;<b><i>либидо</i></b>. Мысль о существовании влечения к смерти в его метапсихологической концепции появилась позже в работе «<b><i>По ту сторону принципа удовольствия</i></b>».</p><p >Факт наличия и важности влечения к смерти Фрейд обосновывает через анализ обширного материала, связанного с травматическими неврозами. Он обращает внимание на невозможность объяснить довольно широкий спектр наблюдаемых при этом симптомов проявлением&nbsp;<i>принципа удовольствия</i>, которым руководствуется<i><b>Эрос.&nbsp;</b></i>А именно повторяющиеся и зачастую навязчивые воспоминания, фантазии, мысли, аффекты, сновидения, которые возвращают сознание в ситуацию связанную с фатальной ситуацией, представленной в опыте, к содержанию опасного, угрожающего, в некотором роде, смертельного, характера.</p><p >В этих проявлениях Фрейд усматривал желание овладеть, присвоить себе подобное содержание, то есть овладеть тем, что можно назвать фатальным, смертельным, опасным. И это желание было обозначено Фрейдом как&nbsp;<b><i>Влечение к смерти</i></b>. С другой стороны, доказательство наличия этого базисного влечения можно увидеть в самом факте неизбежной биологической смерти организма, которую достаточно обосновано можно считать не столько неизбежной, сколько полезной в аспекте эволюционного процесса, который беспрестанное обновляет биологические видовые популяции, повышает их адаптационные возможности, что было бы невозможно не будь смерти как биологического феномена.</p><p >Согласно фрейдовским теоретическим представлениям влечение к смерти противопоставлялось влечению к жизни, которое включало сексуальные инстинкты и инстинкты самосохранения.&nbsp;<i>«Если мы примем как не допускающий исключения факт,&nbsp;— писал Фрейд,&nbsp;— что всё живущее вследствие внутренних причин умирает, возвращается к неорганическому, то мы можем сказать: целью всякой жизни является смерть, и обратно&nbsp;— неживое было раньше, чем живое… Некогда какими-то совершенно неизвестными силами пробуждены были в неодушевлённой материи свойства живого… Возникшее тогда в неживой перед тем материи напряжение стремилось уравновеситься: это было первое стремление возвратиться к неживому».</i></p><p >Такая дуалистическая трактовка энергетического базиса психической активности не была признана большинством психоаналитиков при жизни Фрейда и не получила достаточного развития в трудах теоретиков психоанализа после смерти Фрейда. Теорию противостояния&nbsp;<b><i>Влечения к жизни</i></b>&nbsp;и&nbsp;<b><i>Влечения к смерти</i></b>&nbsp;разделяют всего две современные психоаналитические школы: ортодоксальные фрейдисты и последователи М.Кляйн, которая использовала идею влечения к смерти исследуя психическую динамику детского возраста. Согласно Кляйн, чувство тревоги обусловлено возникновением опасности, которой подвергает организм влечение к смерти. Действие влечения к смерти М. Кляйн обнаруживала также в разнообразных детских конфликтах.</p><p >В полной мере присоединяясь к биологическому обоснованию Влечения к смерти, многие авторы не принимают того его аспекта, который должен был бы быть психической репрезентацией этого влечения. Статус базисного или фундаментального должен был бы обусловить тот факт, что Влечение к смерти переживалось бы каждым отдельным индивидом как&nbsp;<b><i>личностная потребность</i></b>, которая сообразуясь со своей неоспоримой важностью должна быть представлена в виде целей и мотивов соответствующего характера. И удовлетворение которой должно было бы приносить удовольствие.</p><p >В противовес этому, мы можем говорить, что сталкиваясь с явным и открытым своим желанием или желанием кого-то умереть, мы всем существом своим противостоим ему как чему-то чуждому человеческой природе. Такое желание переживается в форме страдания. Более того, аналитический процесс при такой диспозиции всегда выявляет в суицидальных намерениях&nbsp;&nbsp; не столько истинного желания умереть, а вернее, такового вообще не выявляет, сколько желание сохранить развивающееся разрушение значимой области психической реальности, как правило, связанное с острым нарциссическим дефицитом.</p><p >Итак, имея с одной стороны довольно обоснованную точку зрения относительно эволюционной пользы смерти, а с другой стороны и тот очевидный факт, что эта биологическая нацеленность на смерть, существующая в каждом отдельном индивидууме, не находит потребностного выражения на психическом уровне, я предлагаю решить эту задачу, обозначив Смерть как потребность исключительно эволюционно-биологическую, но не психическую. Смерть представлена в психике как часть интропсихической модели реальности, но не как фундаментальное влечение.</p><p >Не соглашаясь с возможность существования истинного влечения к собственной смерти, мы не можем отрицать тот факт, что очень часто сталкиваемся с различного уровня осознанности и интенсивности желаниями, направленными на причинение вреда или смерти другим. Этот феномен распространен и неудивителен для психоаналитиков и всех тех, кто имел опыт столкновения с психикой в моменты её открытости для познания. Все это мы называем&nbsp;<b><i>агрессия</i></b>. Так же для нас неудивителен тот факт, что агрессивные мотивы далеко не всегда находят выражение в своём чистом виде. Зачастую они претерпевают некоторое количество изменений – маскируются, трансформируются или же просто существуют вне досягаемости для сознания, проявляя себе в последнем случае в виде различного рода болезненной аффективной симптоматики.</p><p >Т.о. проявление большей части экспансивно-агрессивных импульсов оказывается затрудненно в следствии компенсаторной деятельности некой другой силы, цель которой схожа с принципом самосохранения, но очевидно только лишь самосохранением не ограничивается, а иногда и явно находится ему в аппозиции. Любой психоаналитик обозначит эту ситуацию как структурный конфликт между Супер-Эго и одной из двух других функциональных психических инстанций (Ид или Эго), в котором Супер-Эго будет играть блокировочную роль. Т.е. Супер-Эго в такой ситуации выступает как более сильная (энергоёмкая) часть психики.</p><p >Ведь, по сути, в таком описании речь идет о некоторой деятельности – энергетическом процессе, который обязан самим фактом своего существования неким алгоритмам (влечениям), которые вступили в конфликт. Для того что бы случился конфликт влечений, их, сообразуясь с логикой, должно быть более одного. И каждое из этих влечений должно обладать своей силой (энергией) – иначе конфликта тоже не могло бы случиться.</p><p >Мне представляется, что ответ на вопрос о том, какие именно базовые влечения организуют психическую активность, следует искать на границе человеческих фантазий и объективной оценки плодов его (человека) деятельности.</p><p >С моей точки зрения, фрейдовские и&nbsp;<i>влечение к жизни</i>&nbsp;и&nbsp;<i>влечение к смерти</i>проявляют себя в форме изменяющей активности, некоего преобразующего влияния. И если не оценивать с позиции нравственности наблюдателя причиненные этими флуктуациями последствия, то они оказываются не двумя разными влечениями, а одним. Т.е. Эрос и Танатос вне морально-этического поля оказываются единой экспансивной, преобразующей активностью. Мне кажется, такое заключение вполне логичным и обоснованным.</p><p >Но и при таком объединении остается пустота. Будь психика просто неким инструментом одной лишь только неуправляемой активности, она бы была не известной нам психикой, а какой-то другой. Она бы была бесконфликтна и неуправляемо-экспансивна, что, в принципе, верно для самых простых жизненных форм – вирусов и бактерий, но она перестала бы отвечать своей эволюционной задаче – преумножать упорядоченное.</p><p >Т.о. мы натыкаемся на необходимость привнесения в эту активность некоего регулирующего механизма, который бы ограничивал деятельность по преумножению энтропии и активировал деятельность системообразующую, созидательную, преобразующее простое в сложное.</p><p >Таковым механизмом должна стать система обратной связи, которая позволит отслеживать изменение средовых характеристик в связи с реализацией экспансивной направленности, соотносить эти изменения с эволюционными задачами, и находить пути блокировки деструктивно-экспансивных флуктуаций. И эта подсистема, кроме всего прочего, должна обладать собственной энергией. В самом упрощенном смысле именно ей принадлежит способность переживать активность как удовлетворяющую или неудовлетворяющую принципу антиэнтропии, активность как хорошую или плохую, добро и зло в эмоционально-индивидуальной репрезентации.</p><p >Эта сила проявляет себя в эмоциональном и целеполагающих пространствах психики. В эмоциональном плане она проявляет себя как эмоция удовольствия собой – любви к себе и самоуважении при условии удовлетворительной оценки происходящих преобразований или как более-менее болезненный дефицит таковых эмоций при условии неудовлетворительной оценки.</p><p >Потребность человека переживать позитивную оценку себя способно в полной мере влиять на экспансивную часть психики. И, вероятно, необходимо допустить тот факт, что способность переживать любовь к себе, во внутреннем плане представлена как фундаментальное влечение. Предлагаю назвать это влечение&nbsp;<b>Нарциссическим</b>.</p><p ><b><i>Итак, психическая деятельность, при таком допущении, есть продукт регулирования экспансии нарциссизмом.</i></b></p>', 3, 0);

-- --------------------------------------------------------

--
-- Структура таблицы `articles_category`
--

CREATE TABLE IF NOT EXISTS `articles_category` (
  `id` int(2) NOT NULL AUTO_INCREMENT,
  `spec` int(1) NOT NULL DEFAULT '0',
  `name` varchar(255) NOT NULL,
  `img` varchar(255) NOT NULL,
  `description` text NOT NULL,
  `status` int(1) NOT NULL,
  `parent_id` int(2) NOT NULL DEFAULT '0',
  PRIMARY KEY (`id`)
) ENGINE=InnoDB  DEFAULT CHARSET=utf8 AUTO_INCREMENT=6 ;

--
-- Дамп данных таблицы `articles_category`
--

INSERT INTO `articles_category` (`id`, `spec`, `name`, `img`, `description`, `status`, `parent_id`) VALUES
(1, 1, 'О Псилайне', '', '', 1, 0),
(2, 1, 'Учредительная документация', '', '', 1, 1),
(3, 1, 'Новости', '', '', 1, 0),
(4, 0, 'Социальная психология', '', '', 1, 0),
(5, 0, 'Психоанализ', '', '', 1, 0);

-- --------------------------------------------------------

--
-- Структура таблицы `articles_coments`
--

CREATE TABLE IF NOT EXISTS `articles_coments` (
  `id` int(10) NOT NULL AUTO_INCREMENT,
  `article_id` int(10) NOT NULL,
  `user_id` int(10) NOT NULL,
  `create` int(10) NOT NULL,
  `text` text NOT NULL,
  `status` int(1) NOT NULL DEFAULT '1',
  PRIMARY KEY (`id`)
) ENGINE=InnoDB  DEFAULT CHARSET=utf8 AUTO_INCREMENT=15 ;

--
-- Дамп данных таблицы `articles_coments`
--

INSERT INTO `articles_coments` (`id`, `article_id`, `user_id`, `create`, `text`, `status`) VALUES
(10, 3, 10, 1439876780, 'Хорошая статья.<div>Заставляет задуматься.</div>', 1),
(11, 3, 10, 1439876913, '<br><div class="citata"><span>Цветкова Роза Васильевна писал(а):</span><br><blockquote>Заставляет задуматься.</blockquote></div><br>Полностью согласна с собой.<div>Это не статья. Это статьища! Матерая глыбища!!!</div>', 1),
(12, 1, 10, 1439879137, 'Просто чудо какое-то!!!!', 1),
(13, 3, 10, 1440148146, '<br><div class="citata"><span>Цветкова Роза Васильевна писал(а):</span><br><blockquote>Хорошая статья.</blockquote></div><br>100 ПУДОВ!', 1),
(14, 3, 4, 1440690377, 'Это восхитительно!', 1);

-- --------------------------------------------------------

--
-- Структура таблицы `articles_like`
--

CREATE TABLE IF NOT EXISTS `articles_like` (
  `id` int(100) NOT NULL AUTO_INCREMENT,
  `article_id` int(100) NOT NULL,
  `user_id` int(100) NOT NULL,
  `status` int(1) NOT NULL DEFAULT '1',
  `cr_time` int(10) NOT NULL,
  PRIMARY KEY (`id`)
) ENGINE=InnoDB  DEFAULT CHARSET=utf8 AUTO_INCREMENT=14 ;

--
-- Дамп данных таблицы `articles_like`
--

INSERT INTO `articles_like` (`id`, `article_id`, `user_id`, `status`, `cr_time`) VALUES
(8, 4, 4, 1, 0),
(10, 1, 10, 1, 1439879096),
(11, 3, 4, 1, 1440690285),
(12, 5, 4, 1, 1440695586),
(13, 4, 10, 1, 1442352587);

-- --------------------------------------------------------

--
-- Структура таблицы `captcha`
--

CREATE TABLE IF NOT EXISTS `captcha` (
  `captcha_id` bigint(13) unsigned NOT NULL AUTO_INCREMENT,
  `captcha_time` int(10) unsigned NOT NULL,
  `ip_address` varchar(16) NOT NULL DEFAULT '0',
  `word` varchar(20) NOT NULL,
  PRIMARY KEY (`captcha_id`),
  KEY `word` (`word`)
) ENGINE=InnoDB  DEFAULT CHARSET=utf8 AUTO_INCREMENT=453 ;

--
-- Дамп данных таблицы `captcha`
--

INSERT INTO `captcha` (`captcha_id`, `captcha_time`, `ip_address`, `word`) VALUES
(433, 1439269001, '127.0.0.1', '0158627394'),
(434, 1439269086, '127.0.0.1', '2795618034'),
(435, 1439269126, '127.0.0.1', '9871642305'),
(436, 1439269337, '127.0.0.1', '7459621083'),
(437, 1439269400, '127.0.0.1', '7913258604'),
(438, 1439269526, '127.0.0.1', '1052369748'),
(439, 1439269550, '127.0.0.1', '5089461273'),
(440, 1439269726, '127.0.0.1', '7318495062'),
(441, 1439269867, '127.0.0.1', '9376018254'),
(442, 1439270016, '127.0.0.1', '9016785234'),
(443, 1439270715, '127.0.0.1', '2798301654'),
(444, 1439271333, '127.0.0.1', '1704835296'),
(445, 1439271639, '127.0.0.1', '6481520397'),
(446, 1439271787, '127.0.0.1', '8940213657'),
(447, 1439272018, '127.0.0.1', '6593180274'),
(448, 1439306083, '127.0.0.1', '6037984215'),
(449, 1439306141, '127.0.0.1', '0143298567'),
(450, 1440924518, '127.0.0.1', '6813204795'),
(451, 1442352500, '127.0.0.1', '7213095846'),
(452, 1442459648, '127.0.0.1', '4356729801');

-- --------------------------------------------------------

--
-- Структура таблицы `comments`
--

CREATE TABLE IF NOT EXISTS `comments` (
  `id` int(5) NOT NULL AUTO_INCREMENT,
  `article_id` int(5) NOT NULL,
  `user_id` int(5) NOT NULL,
  `cr_time` int(12) NOT NULL,
  `status` int(1) NOT NULL,
  `type` varchar(25) NOT NULL,
  `content` text NOT NULL,
  PRIMARY KEY (`id`)
) ENGINE=InnoDB  DEFAULT CHARSET=utf8 AUTO_INCREMENT=2 ;

--
-- Дамп данных таблицы `comments`
--

INSERT INTO `comments` (`id`, `article_id`, `user_id`, `cr_time`, `status`, `type`, `content`) VALUES
(1, 3, 2, 0, 1, 'like', '');

-- --------------------------------------------------------

--
-- Структура таблицы `cons_calendar`
--

CREATE TABLE IF NOT EXISTS `cons_calendar` (
  `id` int(20) NOT NULL AUTO_INCREMENT,
  `init_user_id` int(6) NOT NULL,
  `type` int(1) NOT NULL,
  `from_time` int(10) NOT NULL,
  `to_time` int(10) NOT NULL,
  `status` int(1) NOT NULL DEFAULT '1',
  `init_time` int(10) NOT NULL,
  `price` int(5) NOT NULL,
  PRIMARY KEY (`id`)
) ENGINE=InnoDB DEFAULT CHARSET=utf8 AUTO_INCREMENT=1 ;

-- --------------------------------------------------------

--
-- Структура таблицы `cons_roles`
--

CREATE TABLE IF NOT EXISTS `cons_roles` (
  `id` int(2) NOT NULL AUTO_INCREMENT,
  `role_name` varchar(100) NOT NULL,
  `role_desc` varchar(255) NOT NULL,
  PRIMARY KEY (`id`)
) ENGINE=InnoDB  DEFAULT CHARSET=utf8 AUTO_INCREMENT=6 ;

--
-- Дамп данных таблицы `cons_roles`
--

INSERT INTO `cons_roles` (`id`, `role_name`, `role_desc`) VALUES
(1, 'Псилайнер', ''),
(2, 'Клиент', ''),
(3, 'Ведущий', ''),
(4, 'Слушатель', ''),
(5, 'Участник', '');

-- --------------------------------------------------------

--
-- Структура таблицы `cons_sessions`
--

CREATE TABLE IF NOT EXISTS `cons_sessions` (
  `id` int(10) NOT NULL AUTO_INCREMENT,
  `type` int(1) NOT NULL,
  `cons_id` int(10) NOT NULL,
  `from_time` int(10) NOT NULL,
  `to_time` int(10) NOT NULL,
  `from_act` int(10) NOT NULL,
  `to_act` int(10) NOT NULL,
  `files` text NOT NULL,
  PRIMARY KEY (`id`)
) ENGINE=InnoDB DEFAULT CHARSET=utf8 AUTO_INCREMENT=1 ;

-- --------------------------------------------------------

--
-- Структура таблицы `cons_time_for`
--

CREATE TABLE IF NOT EXISTS `cons_time_for` (
  `id` int(10) NOT NULL AUTO_INCREMENT,
  `psyliner_id` int(6) NOT NULL,
  `time_from` int(10) NOT NULL,
  PRIMARY KEY (`id`)
) ENGINE=InnoDB  DEFAULT CHARSET=utf8 AUTO_INCREMENT=180 ;

--
-- Дамп данных таблицы `cons_time_for`
--

INSERT INTO `cons_time_for` (`id`, `psyliner_id`, `time_from`) VALUES
(22, 11, 1442221201),
(23, 11, 1442332801),
(25, 11, 1441857601),
(27, 11, 1441861201),
(35, 11, 1441166401),
(36, 11, 1441170001),
(37, 11, 1441173601),
(38, 11, 1441177201),
(39, 11, 1442282401),
(40, 11, 1442329201),
(41, 11, 1442336401),
(42, 11, 1441688401),
(43, 11, 1441692001),
(44, 11, 1441695601),
(46, 11, 1441116001),
(47, 11, 1441119601),
(48, 11, 1441123201),
(49, 11, 1441126801),
(57, 11, 1441256401),
(61, 11, 1441771201),
(62, 11, 1441774801),
(63, 11, 1441983601),
(64, 11, 1441987201),
(67, 11, 1441800001),
(68, 11, 1441803601),
(69, 11, 1441382401),
(70, 11, 1441386001),
(71, 11, 1441378801),
(72, 11, 1441864801),
(73, 11, 1441868401),
(74, 11, 1441882801),
(75, 11, 1441886401),
(76, 11, 1441890001),
(77, 11, 1441908001),
(78, 11, 1441911601),
(79, 11, 1441990801),
(80, 11, 1441994401),
(81, 11, 1441980001),
(82, 11, 1441958401),
(83, 11, 1441962001),
(84, 11, 1441965601),
(85, 11, 1441969201),
(86, 11, 1441972801),
(87, 11, 1441976401),
(89, 11, 1441947601),
(91, 11, 1441951201),
(92, 11, 1441954801),
(93, 11, 1442376001),
(94, 11, 1442379601),
(95, 11, 1442383201),
(96, 11, 1442386801),
(97, 11, 1442412001),
(98, 11, 1442415601),
(99, 11, 1442419201),
(100, 11, 1442422801),
(101, 11, 1441029601),
(102, 11, 1441033201),
(103, 11, 1441036801),
(105, 11, 1442433601),
(106, 11, 1440997201),
(107, 11, 1441000801),
(108, 11, 1441004401),
(109, 11, 1442174401),
(110, 11, 1442552401),
(111, 11, 1442556001),
(112, 11, 1442559601),
(113, 11, 1442563201),
(116, 11, 1443502801),
(117, 11, 1443506401),
(118, 11, 1443510001),
(119, 11, 1442811601),
(120, 11, 1442815201),
(121, 11, 1442818801),
(122, 11, 1442822401),
(123, 11, 1442898001),
(124, 11, 1442901601),
(125, 11, 1442905201),
(126, 11, 1442980801),
(127, 11, 1442984401),
(128, 11, 1443416401),
(129, 11, 1443420001),
(130, 11, 1443423601),
(131, 11, 1443607201),
(132, 11, 1443697201),
(133, 11, 1443700801),
(134, 11, 1443704401),
(135, 11, 1443067201),
(136, 11, 1443070801),
(137, 11, 1443074401),
(138, 11, 1443157201),
(139, 11, 1443160801),
(140, 11, 1443164401),
(141, 11, 1443189601),
(143, 11, 1443196801),
(144, 11, 1443200401),
(145, 11, 1443204001),
(146, 4, 1441080001),
(147, 4, 1441083601),
(148, 4, 1441087201),
(149, 4, 1441090801),
(150, 4, 1441166401),
(151, 4, 1441170001),
(152, 4, 1441173601),
(153, 4, 1441177201),
(154, 4, 1441252801),
(155, 4, 1441256401),
(156, 4, 1441260001),
(157, 4, 1441263601),
(158, 11, 1443762001),
(159, 11, 1443765601),
(160, 11, 1441602001),
(161, 11, 1441605601),
(162, 11, 1441609201),
(163, 11, 1441612801),
(164, 11, 1441634401),
(165, 11, 1441638001),
(166, 11, 1441641601),
(167, 11, 1441432801),
(168, 11, 1443193201),
(169, 11, 1443513601),
(170, 11, 1441699201),
(171, 4, 1441342801),
(172, 4, 1441346401),
(173, 4, 1441350001),
(174, 4, 1441353601),
(175, 4, 1441432801),
(176, 4, 1441436401),
(177, 4, 1441468801),
(178, 4, 1441472401),
(179, 4, 1441476001);

-- --------------------------------------------------------

--
-- Структура таблицы `cons_types`
--

CREATE TABLE IF NOT EXISTS `cons_types` (
  `id` int(1) NOT NULL AUTO_INCREMENT,
  `type_name` varchar(100) NOT NULL,
  `shot_text` varchar(255) NOT NULL,
  `text` text NOT NULL,
  `status` int(1) NOT NULL DEFAULT '1',
  PRIMARY KEY (`id`)
) ENGINE=InnoDB  DEFAULT CHARSET=utf8 AUTO_INCREMENT=6 ;

--
-- Дамп данных таблицы `cons_types`
--

INSERT INTO `cons_types` (`id`, `type_name`, `shot_text`, `text`, `status`) VALUES
(1, 'Приватный чат', '', '', 1),
(2, 'Аудио-консультация', '', '', 1),
(3, 'Видео-консультация', '', '', 1),
(4, 'Вэбинар', '', '', 1),
(5, 'Обсуждение', '', '', 1);

-- --------------------------------------------------------

--
-- Структура таблицы `cons_users`
--

CREATE TABLE IF NOT EXISTS `cons_users` (
  `id` int(25) NOT NULL AUTO_INCREMENT,
  `cons_id` int(20) NOT NULL,
  `user_id` int(10) NOT NULL,
  `role_id` int(1) NOT NULL,
  `status` int(1) NOT NULL DEFAULT '1',
  `add_time` int(10) NOT NULL,
  PRIMARY KEY (`id`)
) ENGINE=InnoDB DEFAULT CHARSET=utf8 AUTO_INCREMENT=1 ;

-- --------------------------------------------------------

--
-- Структура таблицы `forum_category`
--

CREATE TABLE IF NOT EXISTS `forum_category` (
  `id` int(5) NOT NULL AUTO_INCREMENT,
  `name` varchar(255) NOT NULL,
  `ico` varchar(255) NOT NULL,
  `status` int(1) NOT NULL,
  `moderator_id` int(5) NOT NULL,
  PRIMARY KEY (`id`)
) ENGINE=InnoDB  DEFAULT CHARSET=utf8 AUTO_INCREMENT=2 ;

--
-- Дамп данных таблицы `forum_category`
--

INSERT INTO `forum_category` (`id`, `name`, `ico`, `status`, `moderator_id`) VALUES
(1, 'Теория психологии', 'icos/library.png', 1, 2);

-- --------------------------------------------------------

--
-- Структура таблицы `forum_subj`
--

CREATE TABLE IF NOT EXISTS `forum_subj` (
  `id` int(7) NOT NULL AUTO_INCREMENT,
  `cr_date` int(12) NOT NULL,
  `name` varchar(255) NOT NULL,
  `user_id` int(5) NOT NULL,
  `subj` text NOT NULL,
  `last_ch` int(10) NOT NULL,
  `razdel_id` int(5) NOT NULL,
  `status` int(1) NOT NULL,
  `spec` int(1) NOT NULL,
  `attach` int(1) NOT NULL,
  PRIMARY KEY (`id`)
) ENGINE=InnoDB  DEFAULT CHARSET=utf8 AUTO_INCREMENT=4 ;

--
-- Дамп данных таблицы `forum_subj`
--

INSERT INTO `forum_subj` (`id`, `cr_date`, `name`, `user_id`, `subj`, `last_ch`, `razdel_id`, `status`, `spec`, `attach`) VALUES
(1, 0, 'Заголовок темы форума 1', 4, 'Текст текст текст текст текст текст текст текст текст текст текст текст текст текст текст текст текст текст текст текст текст текст текст текст текст текст текст текст текст текст текст текст текст текст текст текст текст текст текст текст текст текст текст текст текст', 1435047869, 1, 1, 0, 0),
(3, 1223355877, 'Коррекция девиантного поведения подростка', 10, 'Коррекция девиантного поведения подростка Коррекция девиантного поведения подростка Коррекция девиантного поведения подростка Коррекция девиантного поведения подростка Коррекция девиантного поведения подростка', 1435037869, 1, 1, 0, 0);

-- --------------------------------------------------------

--
-- Структура таблицы `groups`
--

CREATE TABLE IF NOT EXISTS `groups` (
  `id` int(3) NOT NULL AUTO_INCREMENT,
  `name` varchar(100) NOT NULL,
  `adm-role` int(1) NOT NULL DEFAULT '0',
  `video_price` int(5) NOT NULL,
  `audio_price` int(5) NOT NULL,
  `text_price` int(5) NOT NULL,
  `short` varchar(255) NOT NULL,
  `full` text NOT NULL,
  `status` int(1) NOT NULL,
  PRIMARY KEY (`id`)
) ENGINE=InnoDB  DEFAULT CHARSET=utf8 AUTO_INCREMENT=10 ;

--
-- Дамп данных таблицы `groups`
--

INSERT INTO `groups` (`id`, `name`, `adm-role`, `video_price`, `audio_price`, `text_price`, `short`, `full`, `status`) VALUES
(1, 'Администратор', 1, 0, 0, 0, '', '', 1),
(2, 'Модератор', 1, 0, 0, 0, '', '', 1),
(3, 'Пользователь', 0, 0, 0, 0, '', '', 1),
(4, 'Аспирант-консультант', 0, 500, 500, 300, '', '', 1),
(5, 'Интерн-консультант', 0, 1000, 1000, 800, '', '', 1),
(6, 'Ординатор-консультант', 0, 1500, 1500, 1000, '', '', 1),
(7, 'Мастер', 0, 0, 0, 0, '', '', 1),
(8, 'Грандмастер', 0, 0, 0, 0, '', '', 1),
(9, 'Кандидат', 0, 0, 0, 0, '', '', 0);

-- --------------------------------------------------------

--
-- Структура таблицы `login_attempts`
--

CREATE TABLE IF NOT EXISTS `login_attempts` (
  `id` int(11) unsigned NOT NULL AUTO_INCREMENT,
  `ip_address` varchar(15) NOT NULL,
  `login` varchar(100) NOT NULL,
  `time` int(11) unsigned DEFAULT NULL,
  PRIMARY KEY (`id`)
) ENGINE=InnoDB DEFAULT CHARSET=utf8 AUTO_INCREMENT=1 ;

-- --------------------------------------------------------

--
-- Структура таблицы `menu`
--

CREATE TABLE IF NOT EXISTS `menu` (
  `id` int(5) NOT NULL AUTO_INCREMENT,
  `type` varchar(100) NOT NULL,
  `name` varchar(255) NOT NULL,
  `link` varchar(255) NOT NULL,
  `ico` varchar(50) NOT NULL,
  `status` int(2) NOT NULL DEFAULT '1',
  `parent_id` int(2) NOT NULL,
  `order` int(5) NOT NULL,
  PRIMARY KEY (`id`)
) ENGINE=InnoDB  DEFAULT CHARSET=utf8 AUTO_INCREMENT=7 ;

--
-- Дамп данных таблицы `menu`
--

INSERT INTO `menu` (`id`, `type`, `name`, `link`, `ico`, `status`, `parent_id`, `order`) VALUES
(1, 'main', 'Документация', '', 'docs1.png', 1, 0, 5),
(2, 'main', 'Публикации', 'articles/', 'docs.png', 1, 0, 3),
(3, 'main', 'Форум', 'forum/', 'forum.png', 1, 0, 4),
(4, 'main', 'Специалисты', 'psyliners/', 'user.png', 1, 0, 1),
(5, 'main', 'Положение о статусе псилайнера', 'psyline/rangs', '', 1, 1, 10),
(6, 'main', 'Что такое Псилайн?', 'psyline/whatis', '', 1, 1, 5);

-- --------------------------------------------------------

--
-- Структура таблицы `msgs`
--

CREATE TABLE IF NOT EXISTS `msgs` (
  `id` int(10) NOT NULL AUTO_INCREMENT,
  `cr_time` int(10) NOT NULL,
  `from` int(10) NOT NULL,
  `to` int(10) NOT NULL,
  `answer_to` int(10) NOT NULL,
  `type` varchar(50) NOT NULL,
  `text` text NOT NULL,
  `new` int(1) NOT NULL DEFAULT '1',
  PRIMARY KEY (`id`)
) ENGINE=InnoDB  DEFAULT CHARSET=utf8 AUTO_INCREMENT=10 ;

--
-- Дамп данных таблицы `msgs`
--

INSERT INTO `msgs` (`id`, `cr_time`, `from`, `to`, `answer_to`, `type`, `text`, `new`) VALUES
(2, 1437771871, 0, 4, 0, 'admin', 'Ваша анкета успешно прошла аттестацию. Вам присвоили статуса Интерна-консультанта.\r\nПоздравляем!', 0),
(4, 1437900104, 0, 9, 0, 'admin', 'Спиридон, добро пожаловать на портал PSY-LINE.ORG!', 1),
(5, 1438062921, 0, 11, 0, 'admin', 'Ваш статус подтвержден.\r\nПоздравляем!', 1),
(6, 1438104982, 0, 10, 0, 'admin', 'Роза, добро пожаловать на портал PSY-LINE.ORG!', 0),
(7, 1438105637, 0, 10, 0, 'admin', 'К сожалению нет оснований для присвоения желаемого статуса', 0),
(9, 1439274799, 0, 14, 0, 'admin', 'Баисар, добро пожаловать на портал PSY-LINE.ORG!<br /><br />\n            Теперь Вы можете получить On-Line консультацию специалиста пси-профиля, \n            участвовать в обсуждениях на форуме, комментировать материалы и многое другое.<br /><br />\n            <strong><em>P.S. Не забудьте загрузить фото вашего профиля в личном кабинете</em></strong>', 0);

-- --------------------------------------------------------

--
-- Структура таблицы `obrazovanie`
--

CREATE TABLE IF NOT EXISTS `obrazovanie` (
  `id` int(3) NOT NULL AUTO_INCREMENT,
  `name` varchar(200) NOT NULL,
  `description` text NOT NULL,
  `status` int(1) NOT NULL DEFAULT '1',
  PRIMARY KEY (`id`)
) ENGINE=InnoDB  DEFAULT CHARSET=utf8 AUTO_INCREMENT=10 ;

--
-- Дамп данных таблицы `obrazovanie`
--

INSERT INTO `obrazovanie` (`id`, `name`, `description`, `status`) VALUES
(1, 'Высшее Психологическое (бакалавр)', '', 1),
(2, 'Высшее Психологическое (специалист)', '', 1),
(3, 'Высшее Психологическое (магистр)', '', 1),
(4, 'Высшее Медицинское (психиатр)', '', 1),
(5, 'Высшее Медицинское (психотерапевт)', '', 1),
(6, 'Высшее Медицинское (нарколог)', '', 1),
(7, 'Логопед', '', 1),
(8, 'Дефектолог', '', 1),
(9, 'Другое', '', 1);

-- --------------------------------------------------------

--
-- Структура таблицы `psyliners`
--

CREATE TABLE IF NOT EXISTS `psyliners` (
  `id` int(7) NOT NULL AUTO_INCREMENT,
  `foto` varchar(255) NOT NULL,
  `telefon` varchar(20) NOT NULL,
  `name1` varchar(50) NOT NULL,
  `name2` varchar(50) NOT NULL,
  `name3` varchar(50) NOT NULL,
  `name` varchar(200) NOT NULL,
  `dr` int(11) NOT NULL,
  `strana` varchar(100) NOT NULL,
  `region` varchar(100) NOT NULL,
  `np` varchar(100) NOT NULL,
  `obrz` varchar(200) NOT NULL,
  `vuz` varchar(50) NOT NULL,
  `god` int(10) NOT NULL,
  `dop_obrz` text NOT NULL,
  `psy_from` int(10) NOT NULL,
  `psymod` int(2) NOT NULL,
  `psy_form` varchar(100) NOT NULL,
  `psy_vzr` varchar(100) NOT NULL,
  `psy_tip` varchar(100) NOT NULL,
  `orgs` text NOT NULL,
  `wish_rang` int(1) NOT NULL,
  `wish_rang_info` text NOT NULL,
  `act_code` varchar(255) NOT NULL,
  `cr_time` int(11) NOT NULL,
  `activation` int(11) NOT NULL DEFAULT '0',
  `email` varchar(255) NOT NULL,
  `conferm_email_time` int(12) NOT NULL,
  `rang` int(1) NOT NULL,
  `status` int(1) NOT NULL DEFAULT '0',
  `foto_pasport` varchar(50) NOT NULL,
  `foto_diplom` varchar(50) NOT NULL,
  `foto_dogovor` varchar(50) NOT NULL,
  `foto_dop_diplom1` varchar(50) NOT NULL,
  `foto_dop_diplom2` varchar(50) NOT NULL,
  `foto_dop_diplom3` varchar(50) NOT NULL,
  PRIMARY KEY (`id`)
) ENGINE=InnoDB  DEFAULT CHARSET=utf8 AUTO_INCREMENT=12 ;

--
-- Дамп данных таблицы `psyliners`
--

INSERT INTO `psyliners` (`id`, `foto`, `telefon`, `name1`, `name2`, `name3`, `name`, `dr`, `strana`, `region`, `np`, `obrz`, `vuz`, `god`, `dop_obrz`, `psy_from`, `psymod`, `psy_form`, `psy_vzr`, `psy_tip`, `orgs`, `wish_rang`, `wish_rang_info`, `act_code`, `cr_time`, `activation`, `email`, `conferm_email_time`, `rang`, `status`, `foto_pasport`, `foto_diplom`, `foto_dogovor`, `foto_dop_diplom1`, `foto_dop_diplom2`, `foto_dop_diplom3`) VALUES
(4, 'user_4.jpeg', '7 (938) 566-66-99', '', '', '', 'Логачев Василий Юрьевич', 250851600, 'Россия', 'Краснодарский Край', 'Краснодар', '2', 'КубГУ', 992592000, 'НИПИ им.В.М.Бехтерева (2001-2003) Специализация по клинической психологии', 959846400, 2, 'Индивидуальное консультирование*/*Супружеское консультирование', 'Подростки*/*Взрослые', 'Кризисы*/*Неврозы*/*Пограничная проблематика*/*Зависимости', '-', 7, '1. У меня соответсвующее образование.\r\n2. Я избран Богом!', '', 1437485223, 0, 'vlogachev@gmail.com', 1437487024, 6, 6, '76146373edcdfe65a6a4aadd1193b79c_user_4.jpeg', '76146373edcdfe65a6a4aadd1193b79c_user_4.jpg', '76146373edcdfe65a6a4aadd1193b79c_user_4.jpeg', '', '', ''),
(11, '1439879213477.jpeg', '7 (906) 432-02-05', 'Цветкова', 'Роза', 'Васильевна', 'Цветкова Роза Васильевна', 498214800, 'Россия', 'Краснодарский Край', 'Краснодар', '6', 'Медицинский институт', 1055664000, 'Курсы повышения квалификации ', 1412150400, 0, 'Груповое консультирование', 'Взрослые', 'Кризисы', 'Есть', 7, 'мастер высшей категории маг всех наук школы научной', '', 1438104497, 0, 'avlisitskaya@gmail.com', 1438104573, 7, 6, '1438105239d3d9446802a44259755d38e6d163e820124.jpeg', '1438105194d3d9446802a44259755d38e6d163e820238.jpeg', '1438105264d3d9446802a44259755d38e6d163e820533.jpeg', '', '', '');

-- --------------------------------------------------------

--
-- Структура таблицы `psyliners_params`
--

CREATE TABLE IF NOT EXISTS `psyliners_params` (
  `id` int(10) NOT NULL AUTO_INCREMENT,
  `free_cons` int(1) NOT NULL DEFAULT '0',
  `cons_now` int(1) NOT NULL DEFAULT '0',
  `psyliner_id` int(10) NOT NULL,
  `pers_msg` text NOT NULL,
  `video` int(1) NOT NULL,
  `video_price` int(5) NOT NULL,
  `audio` int(1) NOT NULL,
  `audio_price` int(5) NOT NULL,
  `text` int(1) NOT NULL,
  `text_price` int(5) NOT NULL,
  `person` int(1) NOT NULL,
  `person_city` varchar(50) NOT NULL,
  `person_adres` varchar(255) NOT NULL,
  `person_desc` varchar(255) NOT NULL,
  `person_price` int(5) NOT NULL,
  `video_url` varchar(255) NOT NULL,
  `site_url` varchar(255) NOT NULL,
  PRIMARY KEY (`id`)
) ENGINE=InnoDB  DEFAULT CHARSET=utf8 AUTO_INCREMENT=3 ;

--
-- Дамп данных таблицы `psyliners_params`
--

INSERT INTO `psyliners_params` (`id`, `free_cons`, `cons_now`, `psyliner_id`, `pers_msg`, `video`, `video_price`, `audio`, `audio_price`, `text`, `text_price`, `person`, `person_city`, `person_adres`, `person_desc`, `person_price`, `video_url`, `site_url`) VALUES
(1, 0, 0, 11, 'Приходите!!!<div><b>Я Вас не обижу!</b></div>', 1, 10000, 1, 6500, 1, 6000, 1, 'Краснодар', 'пр.Репина д.40, цоколь 4 под., оф.65', 'По предварительной записи', 5000, 'http://www.youtube.com/watch?v=et_8OOB4dog', ''),
(2, 0, 1, 4, '<span style="color: rgb(51, 51, 51); font-family: Arial, Verdana; font-size: 15px; line-height: 19.5px; background-color: rgb(245, 247, 250);">Разрешение сложных жизненных ситуаций, внутренних и внешних конфликтов. Достижение цели. Эффективные изменения в жизни.&nbsp;</span><br style="color: rgb(51, 51, 51); font-family: Arial, Verdana; font-size: 15px; line-height: 19.5px; background-color: rgb(245, 247, 250);"><span style="color: rgb(51, 51, 51); font-family: Arial, Verdana; font-size: 15px; line-height: 19.5px; background-color: rgb(245, 247, 250);"><br />Психоаналитическая терапия при депрессивных состояниях, фобиях, панических атаках, тревожных ожиданиях, навязчивых ритуалах и мнительности, расстройствах режима питания (булимии, анорексии ), психосоматических расстройствах.</span>', 1, 0, 0, 0, 1, 0, 1, 'Краснодар', 'ул.Рашпилевская 325/1', 'По предварительной записи', 1500, 'http://www.youtube.com/watch?v=_gg5p2PbdMM', 'http://www.b17.ru/logachev/');

-- --------------------------------------------------------

--
-- Структура таблицы `psyliners_views`
--

CREATE TABLE IF NOT EXISTS `psyliners_views` (
  `id` int(10) NOT NULL AUTO_INCREMENT,
  `psyliner_id` int(6) NOT NULL,
  `user_id` int(6) NOT NULL,
  `page_view_date` int(10) NOT NULL,
  `phone_view_date` int(10) NOT NULL,
  `cons_view_date` int(10) NOT NULL,
  PRIMARY KEY (`id`)
) ENGINE=InnoDB  DEFAULT CHARSET=utf8 AUTO_INCREMENT=36 ;

--
-- Дамп данных таблицы `psyliners_views`
--

INSERT INTO `psyliners_views` (`id`, `psyliner_id`, `user_id`, `page_view_date`, `phone_view_date`, `cons_view_date`) VALUES
(30, 4, 0, 0, 1441053551, 0),
(31, 4, 10, 0, 1441253887, 0),
(32, 11, 10, 0, 1441253893, 0),
(33, 11, 10, 0, 1441259882, 0),
(34, 4, 10, 0, 1441259894, 0),
(35, 4, 10, 0, 1441262922, 0);

-- --------------------------------------------------------

--
-- Структура таблицы `psy_mod`
--

CREATE TABLE IF NOT EXISTS `psy_mod` (
  `id` int(2) NOT NULL AUTO_INCREMENT,
  `name` varchar(255) NOT NULL,
  `short` text NOT NULL,
  `description` text NOT NULL,
  `status` int(1) NOT NULL,
  PRIMARY KEY (`id`)
) ENGINE=InnoDB  DEFAULT CHARSET=utf8 AUTO_INCREMENT=4 ;

--
-- Дамп данных таблицы `psy_mod`
--

INSERT INTO `psy_mod` (`id`, `name`, `short`, `description`, `status`) VALUES
(2, 'Психоанализ', 'Психологическое направление, основанное австрийским психиатром и психологом З. Фрейдом в конце XIX в. Первоначально сложился как метод лечения неврозов; затем превратился в общепсихологическую теорию, поместившую в центр внимания движущие силы душевной жизни, мотивы, влечения, смыслы; впоследствии стал одним из важных направлений философии XX в. Основан на идее о том, что поведение определяется не только и не столько сознанием, сколько бессознательным. ', '', 1),
(3, 'Аналитическая психология (юнгианский анализ)', 'Одно из психодинамических направлений[1], основателем которого является швейцарский психолог и культуролог К. Г. Юнг[2]. Это направление родственно психоанализу, однако имеет существенные отличия. Его суть заключается в осмыслении и интеграции глубинных сил и мотиваций, стоящих за человеческим поведением, посредством изучения феноменологии сновидений, фольклора и мифологии. Аналитическая психология опирается на представление о существовании бессознательной сферы личности, являющейся источником целительных сил и развития индивидуальности. ', '', 1);

-- --------------------------------------------------------

--
-- Структура таблицы `users`
--

CREATE TABLE IF NOT EXISTS `users` (
  `id` int(11) unsigned NOT NULL AUTO_INCREMENT,
  `psyliner_id` int(5) NOT NULL DEFAULT '0',
  `cr_time` int(10) NOT NULL,
  `online` int(1) NOT NULL DEFAULT '0',
  `last_act` int(12) NOT NULL,
  `ip_address` varchar(15) NOT NULL,
  `foto` varchar(100) NOT NULL,
  `username` varchar(100) NOT NULL,
  `n1` varchar(100) NOT NULL,
  `n2` varchar(100) NOT NULL,
  `n3` varchar(100) NOT NULL,
  `strana` varchar(100) NOT NULL,
  `region` varchar(100) NOT NULL,
  `np` varchar(100) NOT NULL,
  `dr` int(10) NOT NULL,
  `password` varchar(255) NOT NULL,
  `email` varchar(100) NOT NULL,
  `activation_code` varchar(40) DEFAULT NULL,
  `forgotten_password_code` varchar(40) DEFAULT NULL,
  `forgotten_password_time` int(11) unsigned DEFAULT NULL,
  `last_login` int(11) unsigned DEFAULT NULL,
  `active` tinyint(1) unsigned DEFAULT NULL,
  PRIMARY KEY (`id`)
) ENGINE=InnoDB  DEFAULT CHARSET=utf8 AUTO_INCREMENT=16 ;

--
-- Дамп данных таблицы `users`
--

INSERT INTO `users` (`id`, `psyliner_id`, `cr_time`, `online`, `last_act`, `ip_address`, `foto`, `username`, `n1`, `n2`, `n3`, `strana`, `region`, `np`, `dr`, `password`, `email`, `activation_code`, `forgotten_password_code`, `forgotten_password_time`, `last_login`, `active`) VALUES
(4, 4, 0, 0, 1441264316, '127.0.0.1', '', 'Логачев Василий Юрьевич', '', '', '', '', '', '', 0, '9f88098ae6055674814b8164dc011408', 'vlogachev@gmail.com', NULL, NULL, NULL, 1441264280, NULL),
(10, 11, 0, 0, 1442353232, '127.0.0.1', '', 'Цветкова Роза Васильевна', '', '', '', '', '', '', 0, '9f88098ae6055674814b8164dc011408', 'avlisitskaya@gmail.com', NULL, NULL, NULL, 1442352571, NULL),
(11, 0, 1439271312, 0, 0, '', '', 'Черпанова Ольга Владимировна', 'Черпанова', 'Ольга', 'Владимировна', 'Россия', 'Краснодарский Край', 'Краснодар', 487584000, '', 'some1@some.com', '1602316b09cda973e17fb0171606edc5', NULL, NULL, NULL, 0),
(12, 0, 1439271581, 0, 0, '', '', 'Иванова Анна Петровна', 'Иванова', 'Анна', 'Петровна', 'Россия', 'Брянская область', 'Брянск', 511434000, '', 'some2@some.com', '2a6f44c836ba5c6e4f3523f538779aeb', NULL, NULL, NULL, 0),
(13, 0, 1439271754, 0, 0, '', '', 'Цветкова Анастасия Юрьевна', 'Цветкова', 'Анастасия', 'Юрьевна', 'Россия', 'Республика Бурятия', 'Улан-Удэ', 84963600, '', 'some3@some.com', '98105aa86b545ca174bfff37a742e923', NULL, NULL, NULL, 0),
(14, 0, 1439271948, 0, 1439305936, '127.0.0.1', '1439303229600.jpeg', 'Акултаев Баисар ', 'Акултаев', 'Баисар', '', 'Россия', 'Ямало-Ненецкий автономный округ', 'Салехард', 223290000, 'e0af7359cc23cd1f3bf012353f01553d', 'some4@some.com', '', NULL, NULL, 1439303177, 1),
(15, 0, 1439272146, 0, 1439274792, '', '', 'Колобковcкая Циля Мойшовна', 'Колобковcкая', 'Циля', 'Мойшовна', 'Украина', 'Одесская область', 'Одесса', -28738800, '1936e21e2b752bed18e1dfea9c8a4064', 'some5@some.com', '', NULL, NULL, NULL, 1);

-- --------------------------------------------------------

--
-- Структура таблицы `users_groups`
--

CREATE TABLE IF NOT EXISTS `users_groups` (
  `id` int(5) NOT NULL AUTO_INCREMENT,
  `user_id` int(5) NOT NULL,
  `group_id` int(5) NOT NULL,
  PRIMARY KEY (`id`)
) ENGINE=InnoDB  DEFAULT CHARSET=utf8 AUTO_INCREMENT=14 ;

--
-- Дамп данных таблицы `users_groups`
--

INSERT INTO `users_groups` (`id`, `user_id`, `group_id`) VALUES
(4, 4, 4),
(5, 4, 1),
(6, 5, 4),
(7, 6, 4),
(8, 7, 4),
(9, 8, 4),
(10, 9, 4),
(11, 10, 4),
(12, 14, 3),
(13, 15, 3);

-- --------------------------------------------------------

--
-- Структура таблицы `users_money`
--

CREATE TABLE IF NOT EXISTS `users_money` (
  `id` int(11) NOT NULL AUTO_INCREMENT,
  `user_id` int(11) NOT NULL,
  `money` decimal(10,2) NOT NULL DEFAULT '0.00',
  PRIMARY KEY (`id`)
) ENGINE=InnoDB  DEFAULT CHARSET=utf8 AUTO_INCREMENT=3 ;

--
-- Дамп данных таблицы `users_money`
--

INSERT INTO `users_money` (`id`, `user_id`, `money`) VALUES
(1, 4, '7800.30'),
(2, 10, '5000.00');

/*!40101 SET CHARACTER_SET_CLIENT=@OLD_CHARACTER_SET_CLIENT */;
/*!40101 SET CHARACTER_SET_RESULTS=@OLD_CHARACTER_SET_RESULTS */;
/*!40101 SET COLLATION_CONNECTION=@OLD_COLLATION_CONNECTION */;
